﻿<parameters>
  <parameter name="IIS Web Application Name" defaultValue="JLMCC" tags="IisApp">
    <parameterEntry kind="ProviderPath" scope="IisApp" match="^C:\\Users\\Administrator\\Documents\\我的坚果云\\VSproject\\JLMCC\\JLMCC\\obj\\Release\\Package\\PackageTmp$" />
    <parameterEntry kind="ProviderPath" scope="setAcl" match="^C:\\Users\\Administrator\\Documents\\我的坚果云\\VSproject\\JLMCC\\JLMCC\\obj\\Release\\Package\\PackageTmp$" />
  </parameter>
  <parameter name="DefaultConnection-Web.config Connection String" defaultValue="Data Source=WWW.JLMCC.COM;Initial Catalog=jlmcc;Persist Security Info=True;User ID=sa;Password=kevin1129A">
    <parameterEntry kind="XmlFile" scope="C:\\Users\\Administrator\\Documents\\我的坚果云\\VSproject\\JLMCC\\JLMCC\\obj\\Release\\Package\\PackageTmp\\Web\.config$" match="/configuration/connectionStrings/add[@name='DefaultConnection']/@connectionString" />
  </parameter>
  <parameter name="DefaultConnection_DatabasePublish-Web.config Connection String" description="DefaultConnection 由 Entity Framework Code First 模型用来部署数据库的连接字符串。" defaultValue="Data Source=WWW.JLMCC.COM;Initial Catalog=jlmcc;Persist Security Info=True;User ID=sa;Password=kevin1129A">
    <parameterEntry kind="XmlFile" scope="C:\\Users\\Administrator\\Documents\\我的坚果云\\VSproject\\JLMCC\\JLMCC\\obj\\Release\\Package\\PackageTmp\\Web\.config$" match="/configuration/connectionStrings/add[@name='DefaultConnection_DatabasePublish']/@connectionString" />
  </parameter>
</parameters>